{
    "Fdgcnfhdfs": 147.868084575769,
    "Gjgjmfnhnh": 840.1740011632016,
    "Tgrsfqwdsf": 239.8172425477078,
    "Yuiouolkhg": 497.2463884651222,
    "Earerlkjgh": -903.4808612077277
}